{"('0', '2', '0000')": [1.9999999999999996, -2.220446049250313e-16, 1.9999999999999996, -2.220446049250313e-16], "('0', '2', '0001')": [1.9999999999999996, -2.220446053106258e-16, 1.9999999997675473, -0.9099999999999999], "('0', '2', '0010')": [1.9999999999999996, -4.785218540264635e-07, 0, -2.2024604362513856e-16], "('0', '2', '0011')": [1.9999999999999996, 0, 0, 0], "('0', '2', '0100')": [1.9999999999999996, -0.999999985651093, 1.9999999999999996, -2.220446049250313e-16], "('0', '2', '0101')": [1.997907816826579, 0, 1.9999999999999996, 0], "('0', '2', '0110')": [0, 0, 0, 0], "('0', '2', '0111')": [0, 0, 0, 0], "('0', '2', '1000')": [-0.9099999999999999, -0.010508545530000211, 1.9999999999999996, 0], "('0', '2', '1001')": [0, 0, 0, 0], "('0', '2', '1010')": [0, 0, 0, 0], "('0', '2', '1011')": [0, 0, 0, 0], "('0', '2', '1100')": [0, 0, 0, 0], "('0', '2', '1101')": [0, 0, 0, 0], "('0', '2', '1110')": [0, 0, 0, 0], "('0', '2', '1111')": [0, 0, 0, 0], "('0', '3', '0000')": [1.9999999999999996, -2.220446049250313e-16, -2.220446049250313e-16, 1.9999999999999996], "('0', '3', '0001')": [1.9999999999999996, 0, 0, 0], "('0', '3', '0010')": [1.9999999999999996, -2.220446049250313e-16, 0, 1.9999999999999996], "('0', '3', '0011')": [1.78505840625, 0, 0, 0], "('0', '3', '0100')": [1.9999999999999996, -0.999999985651093, -0.16660449531250004, 1.9999999999999996], "('0', '3', '0101')": [0, 0, 0, 0], "('0', '3', '0110')": [1.767941875, 0, -0.7, 0], "('0', '3', '0111')": [0, 0, 0, 0], "('0', '3', '1000')": [-0.7, -0.12493136662510024, -2.2204460463828254e-16, 1.9999999999999996], "('0', '3', '1001')": [0, 0, 0, 0], "('0', '3', '1010')": [0, 0, 0, 0], "('0', '3', '1011')": [0, 0, 0, 0], "('0', '3', '1100')": [0, 0, 0, 0], "('0', '3', '1101')": [0, 0, 0, 0], "('0', '3', '1110')": [0, 0, 0, 0], "('0', '3', '1111')": [0, 0, 0, 0], "('0', 'NA', '0000')": [1.9999999999999996, -2.220446049250313e-16, -2.220446049250313e-16, -2.220446049250313e-16], "('0', 'NA', '0001')": [1.9999999999999996, 0, 0, 0], "('0', 'NA', '0010')": [1.9999999999999996, 0, 0, 0], "('0', 'NA', '0011')": [0, 0, 0, 0], "('0', 'NA', '0100')": [1.9999999999999996, -0.9099999999999999, -2.220446049250313e-16, -2.223026838922257e-16], "('0', 'NA', '0101')": [0, 0, 0, 0], "('0', 'NA', '0110')": [0, 0, 0, 0], "('0', 'NA', '0111')": [0, 0, 0, 0], "('0', 'NA', '1000')": [0, 0, 0, 0], "('0', 'NA', '1001')": [0, 0, 0, 0], "('0', 'NA', '1010')": [0, 0, 0, 0], "('0', 'NA', '1011')": [0, 0, 0, 0], "('0', 'NA', '1100')": [0, 0, 0, 0], "('0', 'NA', '1101')": [0, 0, 0, 0], "('0', 'NA', '1110')": [0, 0, 0, 0], "('0', 'NA', '1111')": [0, 0, 0, 0], "('1', '2', '0000')": [-2.220446049250313e-16, 1.9999999999999996, 1.9999999999999996, -2.220446049250313e-16], "('1', '2', '0001')": [-0.0017498167074554017, 1.9999999999999996, 1.9999991232932022, 0], "('1', '2', '0010')": [-0.973, 1.9999999999999996, 0, -2.220446049250313e-16], "('1', '2', '0011')": [0, 0, 0, 0], "('1', '2', '0100')": [-0.9099999999999999, -0.9099999999999999, 1.9999999999999996, 0], "('1', '2', '0101')": [0, 0, 0, 0], "('1', '2', '0110')": [0, 0, 0, 0], "('1', '2', '0111')": [0, 0, 0, 0], "('1', '2', '1000')": [-0.99999822853, 1.9999999999999996, 1.9999999999999996, -2.220446049250313e-16], "('1', '2', '1001')": [0, 0, 0, 0], "('1', '2', '1010')": [0, 0, 0, 0], "('1', '2', '1011')": [0, 0, 0, 0], "('1', '2', '1100')": [0, 0, 0, 0], "('1', '2', '1101')": [0, 0, 0, 0], "('1', '2', '1110')": [0, 0, 0, 0], "('1', '2', '1111')": [0, 0, 0, 0], "('1', '3', '0000')": [-2.220446049250313e-16, 1.9999999999999996, -2.220446049250313e-16, 1.9999999999999996], "('1', '3', '0001')": [-0.973, 1.9999999999999996, 0, 0], "('1', '3', '0010')": [-0.06631413577950007, 1.9999999999999996, 0, 1.9999999974171963], "('1', '3', '0011')": [-0.973, 0, 0, 0], "('1', '3', '0100')": [-0.9099999999999999, -0.9099999999999999, -0.9099999999999999, 1.9999999999999996], "('1', '3', '0101')": [0, 0, 0, 0], "('1', '3', '0110')": [-0.9099999999999999, -0.7, 0, 0], "('1', '3', '0111')": [0, 0, 0, 0], "('1', '3', '1000')": [-0.99999995217031, 1.9999999999999996, -2.220446049250313e-16, 1.9999999999999996], "('1', '3', '1001')": [0, 0, 0, 0], "('1', '3', '1010')": [-0.7, 0, 0, 0], "('1', '3', '1011')": [0, 0, 0, 0], "('1', '3', '1100')": [0, 0, 0, 0], "('1', '3', '1101')": [0, 0, 0, 0], "('1', '3', '1110')": [0, 0, 0, 0], "('1', '3', '1111')": [0, 0, 0, 0], "('1', 'NA', '0000')": [-0.0680226331880834, 1.9999999999999996, -2.220446049250313e-16, -2.2204456952394924e-16], "('1', 'NA', '0001')": [0, 0, -1.933812645034505e-07, 0], "('1', 'NA', '0010')": [-0.973, 0, 0, 0], "('1', 'NA', '0011')": [0, 0, 0, 0], "('1', 'NA', '0100')": [-0.9099999999999999, -0.9099999999999999, 0, 0], "('1', 'NA', '0101')": [0, 0, 0, 0], "('1', 'NA', '0110')": [0, 0, 0, 0], "('1', 'NA', '0111')": [0, 0, 0, 0], "('1', 'NA', '1000')": [0, 0, 0, 0], "('1', 'NA', '1001')": [0, 0, 0, 0], "('1', 'NA', '1010')": [0, 0, 0, 0], "('1', 'NA', '1011')": [0, 0, 0, 0], "('1', 'NA', '1100')": [0, 0, 0, 0], "('1', 'NA', '1101')": [0, 0, 0, 0], "('1', 'NA', '1110')": [0, 0, 0, 0], "('1', 'NA', '1111')": [0, 0, 0, 0], "('NA', '2', '0000')": [-2.220446049250313e-16, -2.220446049250313e-16, 1.9999999999999996, -2.220446049250313e-16], "('NA', '2', '0001')": [-2.220446049250313e-16, -2.220446049250313e-16, 1.9999999999999996, -0.9999940950999999], "('NA', '2', '0010')": [-2.2204460492517754e-16, 0, 0, 0], "('NA', '2', '0011')": [0, 0, 0, 0], "('NA', '2', '0100')": [-0.50839565, -0.9099999999999999, 1.9999999999999996, 0], "('NA', '2', '0101')": [-0.242309134375, 0, 0, 0], "('NA', '2', '0110')": [0, 0, 0, 0], "('NA', '2', '0111')": [0, 0, 0, 0], "('NA', '2', '1000')": [-0.9099999999999999, -0.9099999999999999, 1.9999999999999996, -1.0], "('NA', '2', '1001')": [-0.7, -0.16990408078100977, 0, 0], "('NA', '2', '1010')": [0, 0, 0, 0], "('NA', '2', '1011')": [0, 0, 0, 0], "('NA', '2', '1100')": [0, 0, 0, 0], "('NA', '2', '1101')": [0, 0, 0, 0], "('NA', '2', '1110')": [0, 0, 0, 0], "('NA', '2', '1111')": [0, 0, 0, 0], "('NA', '3', '0000')": [-2.220446049250313e-16, -2.220446049250313e-16, -2.220446049250313e-16, 1.9999999999999996], "('NA', '3', '0001')": [-2.220446049250313e-16, -0.1250297550913979, -0.9322108532568476, -0.7], "('NA', '3', '0010')": [-2.220446049250313e-16, -2.220446049250313e-16, -0.99993439, 1.9999999999999996], "('NA', '3', '0011')": [0, 0, 0, 0], "('NA', '3', '0100')": [-0.973, -0.9099999999999999, -1.0, 1.9999999999999996], "('NA', '3', '0101')": [0, 0, 0, 0], "('NA', '3', '0110')": [0, 0, 0, 0], "('NA', '3', '0111')": [0, 0, 0, 0], "('NA', '3', '1000')": [-0.9099999999999999, -0.12509536505653007, -0.999980317, 1.9999999999999996], "('NA', '3', '1001')": [0, 0, 0, 0], "('NA', '3', '1010')": [0, 0, 0, 1.9997455963487962], "('NA', '3', '1011')": [0, 0, 0, 0], "('NA', '3', '1100')": [0, 0, 0, 0], "('NA', '3', '1101')": [0, 0, 0, 0], "('NA', '3', '1110')": [0, 0, 0, 0], "('NA', '3', '1111')": [0, 0, 0, 0], "('NA', 'NA', '0000')": [0, 0, 0, 0], "('NA', 'NA', '0001')": [0, 0, 0, 0], "('NA', 'NA', '0010')": [0, 0, 0, 0], "('NA', 'NA', '0011')": [0, 0, 0, 0], "('NA', 'NA', '0100')": [0, 0, 0, 0], "('NA', 'NA', '0101')": [0, 0, 0, 0], "('NA', 'NA', '0110')": [0, 0, 0, 0], "('NA', 'NA', '0111')": [0, 0, 0, 0], "('NA', 'NA', '1000')": [0, 0, 0, 0], "('NA', 'NA', '1001')": [0, 0, 0, 0], "('NA', 'NA', '1010')": [0, 0, 0, 0], "('NA', 'NA', '1011')": [0, 0, 0, 0], "('NA', 'NA', '1100')": [0, 0, 0, 0], "('NA', 'NA', '1101')": [0, 0, 0, 0], "('NA', 'NA', '1110')": [0, 0, 0, 0], "('NA', 'NA', '1111')": [0, 0, 0, 0]}